{
    "loss": 3.249300241470337,
    "accuracy": 0.5948275923728943
}